{
  "model": "EfficientNet-B3 Direct Multiclass (5-class)",
  "checkpoint": "models/best_multiclass_model.pth",
  "val_qwk_during_training": 0.8636490090079829,
  "test_set_size": 531,
  "noTTA": {
    "accuracy": 0.8173258003766478,
    "qwk": 0.8715694710211,
    "lwk": 0.808003573213659,
    "f1_macro": 0.695379557190052,
    "f1_weighted": 0.817628295658092,
    "adjacent_accuracy": 0.9378531073446328,
    "per_class_accuracy": {
      "0": 0.9925925925925926,
      "1": 0.7241379310344828,
      "2": 0.5694444444444444,
      "3": 0.7727272727272727,
      "4": 0.6756756756756757
    }
  },
  "TTA": {
    "accuracy": 0.8135593220338984,
    "qwk": 0.8631256876408027,
    "lwk": 0.7986305698936058,
    "f1_macro": 0.7005769445164931,
    "f1_weighted": 0.8109799353775912,
    "adjacent_accuracy": 0.9265536723163842,
    "per_class_accuracy": {
      "0": 0.9925925925925926,
      "1": 0.7241379310344828,
      "2": 0.5347222222222222,
      "3": 0.8181818181818182,
      "4": 0.7297297297297297
    }
  }
}