{
  "dataset": "Multi-Source (APTOS 2019 + IDRiD + Messidor-2)",
  "task": "binary_classification",
  "model": "efficientnet_b3",
  "image_size": 384,
  "n_folds": 5,
  "tta_times": 8,
  "test_size": 1021,
  "prevalence": 0.5122428991185113,
  "optimal_threshold": 0.820376992225647,
  "youdens_j": 0.8157716909703825,
  "evaluation_levels": {
    "Fold 1": {
      "Threshold": 0.5,
      "AUC-ROC": 0.9332588480115491,
      "Accuracy": 0.8991185112634672,
      "Balanced Acc": 0.8995619188033204,
      "Sensitivity": 0.8814531548757171,
      "Specificity": 0.9176706827309237,
      "Precision": 0.9183266932270916,
      "NPV": 0.8805394990366089,
      "F1-Score": 0.8995121951219512,
      "Cohen Kappa": 0.7983192471515995,
      "MCC": 0.7989950045500741,
      "Brier Score": 0.0978179425482438,
      "Log Loss": 0.45335517087632693,
      "TP": 461,
      "TN": 457,
      "FP": 41,
      "FN": 62,
      "AUC-PR": 0.9552953724772486
    },
    "Fold 2": {
      "Threshold": 0.5,
      "AUC-ROC": 0.9334834558117748,
      "Accuracy": 0.9089128305582762,
      "Balanced Acc": 0.9099380312838351,
      "Sensitivity": 0.8680688336520076,
      "Specificity": 0.9518072289156626,
      "Precision": 0.9497907949790795,
      "NPV": 0.8729281767955801,
      "F1-Score": 0.9070929070929071,
      "Cohen Kappa": 0.8181091999931038,
      "MCC": 0.8212962870842229,
      "Brier Score": 0.08424163036627592,
      "Log Loss": 0.3450428918224108,
      "TP": 454,
      "TN": 474,
      "FP": 24,
      "FN": 69,
      "AUC-PR": 0.9567937195090628
    },
    "Fold 3": {
      "Threshold": 0.5,
      "AUC-ROC": 0.9297227149515845,
      "Accuracy": 0.9030362389813908,
      "Balanced Acc": 0.9042018936165311,
      "Sensitivity": 0.8565965583173997,
      "Specificity": 0.9518072289156626,
      "Precision": 0.9491525423728814,
      "NPV": 0.8633879781420765,
      "F1-Score": 0.9005025125628141,
      "Cohen Kappa": 0.806429929737276,
      "MCC": 0.8104695145806631,
      "Brier Score": 0.08683813054868629,
      "Log Loss": 0.3746259780440081,
      "TP": 448,
      "TN": 474,
      "FP": 24,
      "FN": 75,
      "AUC-PR": 0.9549657298463706
    },
    "Fold 4": {
      "Threshold": 0.5,
      "AUC-ROC": 0.9504211876185431,
      "Accuracy": 0.8922624877571009,
      "Balanced Acc": 0.8926297925929338,
      "Sensitivity": 0.8776290630975143,
      "Specificity": 0.9076305220883534,
      "Precision": 0.9089108910891089,
      "NPV": 0.875968992248062,
      "F1-Score": 0.8929961089494164,
      "Cohen Kappa": 0.7845818036742507,
      "MCC": 0.7850697113059955,
      "Brier Score": 0.08895593791074546,
      "Log Loss": 0.3206836144159086,
      "TP": 459,
      "TN": 452,
      "FP": 46,
      "FN": 64,
      "AUC-PR": 0.9633308104473902
    },
    "Fold 5": {
      "Threshold": 0.5,
      "AUC-ROC": 0.9603346464250886,
      "Accuracy": 0.8873653281096964,
      "Balanced Acc": 0.8878496778701805,
      "Sensitivity": 0.8680688336520076,
      "Specificity": 0.9076305220883534,
      "Precision": 0.908,
      "NPV": 0.8675623800383877,
      "F1-Score": 0.8875855327468231,
      "Cohen Kappa": 0.774844050525137,
      "MCC": 0.7756308648656515,
      "Brier Score": 0.09336805869879668,
      "Log Loss": 0.32638159354136687,
      "TP": 454,
      "TN": 452,
      "FP": 46,
      "FN": 69,
      "AUC-PR": 0.9689839410940382
    },
    "Ensemble (no TTA)": {
      "Threshold": 0.5,
      "AUC-ROC": 0.9556313206938654,
      "Accuracy": 0.9000979431929481,
      "Balanced Acc": 0.9009498798252282,
      "Sensitivity": 0.8661567877629063,
      "Specificity": 0.9357429718875502,
      "Precision": 0.934020618556701,
      "NPV": 0.8694029850746269,
      "F1-Score": 0.8988095238095238,
      "Cohen Kappa": 0.8004399664276489,
      "MCC": 0.8026613200157744,
      "Brier Score": 0.07930671755258575,
      "Log Loss": 0.2921520424727711,
      "TP": 453,
      "TN": 466,
      "FP": 32,
      "FN": 70,
      "AUC-PR": 0.9684979454013704,
      "AUC-ROC CI": {
        "lower": 0.9419159410994369,
        "upper": 0.9676564712484418
      },
      "Accuracy CI": {
        "lower": 0.881488736532811,
        "upper": 0.9177277179236043
      },
      "Sensitivity CI": {
        "lower": 0.8356089639051968,
        "upper": 0.8940006743737958
      },
      "Specificity CI": {
        "lower": 0.9127764798657294,
        "upper": 0.9569471624266145
      },
      "F1 CI": {
        "lower": 0.8784823613557639,
        "upper": 0.9172242221506327
      }
    },
    "Ensemble + TTA": {
      "Threshold": 0.5,
      "AUC-ROC": 0.9564030500587436,
      "Accuracy": 0.901077375122429,
      "Balanced Acc": 0.9019059027697789,
      "Sensitivity": 0.8680688336520076,
      "Specificity": 0.9357429718875502,
      "Precision": 0.934156378600823,
      "NPV": 0.8710280373831776,
      "F1-Score": 0.8999008919722498,
      "Cohen Kappa": 0.8023869705442163,
      "MCC": 0.8044978180234015,
      "Brier Score": 0.0796068389273344,
      "Log Loss": 0.28723622959611306,
      "TP": 454,
      "TN": 466,
      "FP": 32,
      "FN": 69,
      "AUC-PR": 0.9689766574772898,
      "AUC-ROC CI": {
        "lower": 0.9433228781348241,
        "upper": 0.9684396634529605
      },
      "Accuracy CI": {
        "lower": 0.881488736532811,
        "upper": 0.9187071498530852
      },
      "Sensitivity CI": {
        "lower": 0.8369312093068567,
        "upper": 0.8957579172897091
      },
      "Specificity CI": {
        "lower": 0.913894324853229,
        "upper": 0.9567782992553785
      },
      "F1 CI": {
        "lower": 0.88,
        "upper": 0.9185501756312601
      }
    },
    "Ensemble + TTA + OptThresh": {
      "Threshold": 0.820376992225647,
      "AUC-ROC": 0.9564030500587436,
      "Accuracy": 0.9059745347698335,
      "Balanced Acc": 0.9078858454851912,
      "Sensitivity": 0.8298279158699808,
      "Specificity": 0.9859437751004017,
      "Precision": 0.9841269841269841,
      "NPV": 0.846551724137931,
      "F1-Score": 0.9004149377593361,
      "Cohen Kappa": 0.8125738587037583,
      "MCC": 0.8231914567671137,
      "Brier Score": 0.0796068389273344,
      "Log Loss": 0.28723622959611306,
      "TP": 434,
      "TN": 491,
      "FP": 7,
      "FN": 89,
      "AUC-PR": 0.9689766574772898,
      "AUC-ROC CI": {
        "lower": 0.9433228781348241,
        "upper": 0.9684396634529605
      },
      "Accuracy CI": {
        "lower": 0.8873653281096964,
        "upper": 0.9236043095004897
      },
      "Sensitivity CI": {
        "lower": 0.7959469696969698,
        "upper": 0.8604674325952005
      },
      "Specificity CI": {
        "lower": 0.9750494714367547,
        "upper": 0.995842640160822
      },
      "F1 CI": {
        "lower": 0.8795774386394861,
        "upper": 0.9190399925508637
      }
    }
  },
  "subgroup_analysis": {
    "by_grade": [
      {
        "grade": "0",
        "name": "No DR",
        "n": 498,
        "binary": 0,
        "mean_prob": "0.0907042",
        "acc": 0.9859437751004017,
        "errors": "7"
      },
      {
        "grade": "1",
        "name": "Mild",
        "n": 102,
        "binary": 1,
        "mean_prob": "0.5565918",
        "acc": 0.5,
        "errors": "51"
      },
      {
        "grade": "2",
        "name": "Moderate",
        "n": 267,
        "binary": 1,
        "mean_prob": "0.8902533",
        "acc": 0.8689138576779026,
        "errors": "35"
      },
      {
        "grade": "3",
        "name": "Severe",
        "n": 79,
        "binary": 1,
        "mean_prob": "0.9802347",
        "acc": 0.9873417721518988,
        "errors": "1"
      },
      {
        "grade": "4",
        "name": "Proliferative",
        "n": 75,
        "binary": 1,
        "mean_prob": "0.9725647",
        "acc": 0.9733333333333334,
        "errors": "2"
      }
    ],
    "by_source": [
      {
        "source": "aptos2019",
        "n": 553,
        "acc": 0.9873417721518988,
        "mean_prob": "0.50330305",