{
  "dataset": "APTOS 2019 (test split only)",
  "task": "binary_classification",
  "model": "efficientnet_b3",
  "image_size": 384,
  "n_folds": 5,
  "tta_times": 8,
  "test_size": 531,
  "prevalence": 0.4915254237288136,
  "optimal_threshold_twophase": 0.10850068926811218,
  "optimal_threshold_ensemble": 0.3597167730331421,
  "evaluation_levels": {
    "2-Phase (no TTA)": {
      "Threshold": 0.5,
      "AUC-ROC": 0.9991627642968639,
      "Accuracy": 0.9887005649717514,
      "Balanced Acc": 0.9886973180076628,
      "Sensitivity": 0.9885057471264368,
      "Specificity": 0.9888888888888889,
      "Precision": 0.9885057471264368,
      "NPV": 0.9888888888888889,
      "F1-Score": 0.9885057471264368,
      "Cohen Kappa": 0.9773946360153256,
      "MCC": 0.9773946360153257,
      "Brier Score": 0.009337728532191742,
      "Log Loss": 0.03589549804363295,
      "TP": 258,
      "TN": 267,
      "FP": 3,
      "FN": 3,
      "AUC-PR": 0.9991555827963398
    },
    "2-Phase + TTA": {
      "Threshold": 0.5,
      "AUC-ROC": 0.9992337164750958,
      "Accuracy": 0.9868173258003766,
      "Balanced Acc": 0.986845466155811,
      "Sensitivity": 0.9885057471264368,
      "Specificity": 0.9851851851851852,
      "Precision": 0.9847328244274809,
      "NPV": 0.9888475836431226,
      "F1-Score": 0.9866156787762906,
      "Cohen Kappa": 0.9736287593384841,
      "MCC": 0.9736356686228147,
      "Brier Score": 0.009150582018694547,
      "Log Loss": 0.03412895031276258,
      "TP": 258,
      "TN": 266,
      "FP": 4,
      "FN": 3,
      "AUC-PR": 0.999255094100757,
      "AUC-ROC CI": {
        "lower": 0.9980068214934192,
        "upper": 0.9999570493886563
      },
      "Accuracy CI": {
        "lower": 0.9774011299435028,
        "upper": 0.9962335216572504
      },
      "Sensitivity CI": {
        "lower": 0.9740740740740741,
        "upper": 1.0
      },
      "Specificity CI": {
        "lower": 0.9692294520547945,
        "upper": 0.9964664310954063
      },
      "F1 CI": {
        "lower": 0.976283320447139,
        "upper": 0.9959843373493975
      }
    },
    "2-Phase + TTA + OptThr": {
      "Threshold": 0.10850068926811218,
      "AUC-ROC": 0.9992337164750958,
      "Accuracy": 0.9887005649717514,
      "Balanced Acc": 0.9888250319284801,
      "Sensitivity": 0.9961685823754789,
      "Specificity": 0.9814814814814815,
      "Precision": 0.9811320754716981,
      "NPV": 0.9962406015037594,
      "F1-Score": 0.9885931558935361,
      "Cohen Kappa": 0.9774004085801838,
      "MCC": 0.9775113605770034,
      "Brier Score": 0.009150582018694547,
      "Log Loss": 0.03412895031276258,
      "TP": 260,
      "TN": 265,
      "FP": 5,
      "FN": 1,
      "AUC-PR": 0.999255094100757,
      "AUC-ROC CI": {
        "lower": 0.9980068214934192,
        "upper": 0.9999570493886563
      },
      "Accuracy CI": {
        "lower": 0.9792843691148776,
        "upper": 0.9962335216572504
      },
      "Sensitivity CI": {
        "lower": 0.9879032258064516,
        "upper": 1.0
      },
      "Specificity CI": {
        "lower": 0.9644268774703557,
        "upper": 0.996309963099631
      },
      "F1 CI": {
        "lower": 0.9788053949903661,
        "upper": 0.996415770609319
      }
    },
    "Fold 1": {
      "Threshold": 0.5,
      "AUC-ROC": 0.9972896267915424,
      "Accuracy": 0.9905838041431262,
      "Balanced Acc": 0.9905491698595147,
      "Sensitivity": 0.9885057471264368,
      "Specificity": 0.9925925925925926,
      "Precision": 0.9923076923076923,
      "NPV": 0.988929889298893,
      "F1-Score": 0.9904030710172744,
      "Cohen Kappa": 0.9811609936777572,
      "MCC": 0.9811679581927532,
      "Brier Score": 0.009675109031180152,
      "Log Loss": 0.050897961678210084,
      "TP": 258,
      "TN": 268,
      "FP": 2,
      "FN": 3,
      "AUC-PR": 0.9977641788337921
    },
    "Fold 2": {
      "Threshold": 0.5,
      "AUC-ROC": 0.9956577266922095,
      "Accuracy": 0.9849340866290018,
      "Balanced Acc": 0.9848659003831417,
      "Sensitivity": 0.9808429118773946,
      "Specificity": 0.9888888888888889,
      "Precision": 0.9884169884169884,
      "NPV": 0.9816176470588235,
      "F1-Score": 0.9846153846153847,
      "Cohen Kappa": 0.9698556648358666,
      "MCC": 0.9698832063014724,
      "Brier Score": 0.01370891871074247,
      "Log Loss": 0.06829739877134271,
      "TP": 256,
      "TN": 267,
      "FP": 3,
      "FN": 5,
      "AUC-PR": 0.994614902266457
    },
    "Fold 3": {
      "Threshold": 0.5,
      "AUC-ROC": 0.9993756208315595,
      "Accuracy": 0.9811676082862524,
      "Balanced Acc": 0.9809067688378034,
      "Sensitivity": 0.9655172413793104,
      "Specificity": 0.9962962962962963,
      "Precision": 0.9960474308300395,
      "NPV": 0.9676258992805755,
      "F1-Score": 0.980544747081712,
      "Cohen Kappa": 0.9623051367237414,
      "MCC": 0.9627429848081592,
      "Brier Score": 0.012951883984443666,
      "Log Loss": 0.05009859880664958,
      "TP": 252,
      "TN": 269,
      "FP": 1,
      "FN": 9,
      "AUC-PR": 0.9993467065575641
    },
    "Fold 4": {
      "Threshold": 0.5,
      "AUC-ROC": 0.9988080034057045,
      "Accuracy": 0.9830508474576272,
      "Balanced Acc": 0.9831417624521073,
      "Sensitivity": 0.9885057471264368,
      "Specificity": 0.9777777777777777,
      "Precision": 0.9772727272727273,
      "NPV": 0.9887640449438202,
      "F1-Score": 0.9828571428571429,
      "Cohen Kappa": 0.9660984485730703,
      "MCC": 0.9661601406829488,
      "Brier Score": 0.01347624660327837,
      "Log Loss": 0.06610962875809384,
      "TP": 258,
      "TN": 264,
      "FP": 6,
      "FN": 3,
      "AUC-PR": 0.9987576875572829
    },
    "Fold 5": {
      "Threshold": 0.5,
      "AUC-ROC": 0.9972186746133107,
      "Accuracy": 0.9849340866290018,
      "Balanced Acc": 0.9849297573435505,
      "Sensitivity": 0.9846743295019157,
      "Specificity": 0.9851851851851852,
      "Precision": 0.9846743295019157,
      "NPV": 0.9851851851851852,
      "F1-Score": 0.9846743295019157,
      "Cohen Kappa": 0.9698595146871009,
      "MCC": 0.9698595146871009,
      "Brier Score": 0.015265912198082812,
      "Log Loss": 0.07780037003977834,
      "TP": 257,
      "TN": 266,
      "FP": 4,
      "FN": 4,
      "AUC-PR": 0.9970081896086876
    },
    "Ensemble (no TTA)": {
      "Threshold": 0.5,
      "AUC-ROC": 0.9992337164750957,
      "Accuracy": 0.9887005649717514,
      "Balanced Acc": 0.9886973180076628,
      "Sensitivity": 0.9885057471264368,
      "Specificity": 0.9888888888888889,
      "Precision": 0.9885057471264368,
      "NPV": 0.9888888888888889,
      "F1-Score": 0.9885057471264368,
      "Cohen Kappa": 0.9773946360153256,
      "MCC": 0.9773946360153257,
      "Brier Score": 0.009579836338831044,
      "Log Loss": 0.048130715257141445,
      "TP": 258,
      "TN": 267,
      "FP": 3,
      "FN": 3,
      "AUC-PR": 0.9992052390932572,
      "AUC-ROC CI": {
        "lower": 0.9980970517658484,
        "upper": 0.9999004389925943
      },
      "Accuracy CI": {
        "lower": 0.9792843691148776,
        "upper": 0.9962335216572504
      },
      "Sensitivity CI": {
        "lower": 0.9733814907264969,
        "upper": 1.0
      },
      "Specificity CI": {
        "lower": 0.9743589743589743,
        "upper": 1.0
      },
      "F1 CI": {
        "lower": 0.9784467939164013,
        "upper": 0.9962962962962963
      }
    },
    "Ensemble + TTA": {
      "Threshold": 0.5,
      "AUC-ROC": 0.9992337164750958,
      "Accuracy": 0.9868173258003766,
      "Balanced Acc": 0.9867816091954023,
      "Sensitivity": 0.9846743295019157,
      "Specificity": 0.9888888888888889,
      "Precision": 0.9884615384615385,
      "NPV": 0.985239852398524,
      "F1-Score": 0.9865642994241842,
      "Cohen Kappa": 0.97362539114886,
      "MCC": 0.9736323021743502,
      "Brier Score": 0.009140024324439599,
      "Log Loss": 0.04698168753987037,
      "TP": 257,
      "TN": 267,
      "FP": 3,
      "FN": 4,