image_id,dr_grade,grade_name,tp_mean_act,tp_attended_frac,ens_mean_act,ens_attended_frac,attention_overlap_iou,tp_prob,ens_prob
aptos_3fd45879afe6,0,No DR,0.24935173988342285,0.16630045572916666,0.2640402317047119,0.1329277886284722,0.38095834246189475,7.037814872060122e-07,0.018991361325606703
aptos_0d310aba6373,1,Mild NPDR,0.17703284323215485,0.14493815104166666,0.24669834971427917,0.03586154513888889,0.03169381989861073,0.9999999701976776,0.986840583384037
aptos_a15470303941,2,Moderate NPDR,0.1478753238916397,0.0886501736111111,0.24064776301383972,0.0758395724826389,0.18467324411448666,0.9999999403953552,0.9860801458358764
aptos_e4210e7fe587,3,Severe NPDR,0.19680573046207428,0.14396158854166666,0.17063204944133759,0.03968641493055555,0.004078605858361142,0.9999999850988388,0.986133548617363
aptos_c1896142a20a,4,Proliferative DR,0.20768038928508759,0.13182237413194445,0.21969272196292877,0.03643798828125,0.016844262295081968,1.0,0.9865435391664505
